id,question,answer,gold_evidence,citation_check,grade,note
q001,Kişilerin verileri hangi durumlarda temizlenmeli?,"Verilen metinlerde kişisel verilerin silinmesi, yok edilmesi veya anonim hale getirilmesine (imha edilmesine) ilişkin şu haller düzenlenmiştir:

* **İşleme şartlarının tamamının ortadan kalkması halinde:** Kanunda yer alan kişisel verilerin işlenme şartlarının tamamı ortadan kalktığında periyodik imha gerçekleştirilir [yonetmelik_silme_yok_etme_anonim, Madde 4].
* **İlgili kişinin talep etmesi durumunda:** İlgili kişi veri sorumlusuna başvurarak kişisel verilerinin silinmesini veya yok edilmesini talep ettiğinde, kişisel verileri işleme şartlarının tamamı ortadan kalkmışsa veri sorumlusu talebe konu kişisel verileri siler, yok eder veya anonim hale getirir [yonetmelik_silme_yok_etme_anonim, Madde 12]. Ayrıca ilgili kişi, Kanunun 7 nci maddesinde öngörülen şartlar çerçevesinde verilerinin silinmesini veya yok edilmesini isteme hakkına sahiptir [kvkk_kanun_6698, Madde 11].
* **Saklama süresinin sona ermesi:** Kişisel verilerin işlendikleri amaç için gerekli olan azami muhafaza/saklama süresine göre hazırlanan saklama ve imha politikası kapsamında silme, yok etme veya anonim hale getirme işlemleri uygulanır [yonetmelik_silme_yok_etme_anonim, Madde 4].","Bu Kanun ve ilgili diğer kanun hükümlerine uygun olarak işlenmiş olmasına rağmen, işlenmesini gerektiren sebeplerin ortadan kalkması hâlinde kişisel veriler resen veya ilgili kişinin talebi üzerine veri sorumlusu tarafından silinir, yok edilir veya anonim hâle getirilir.",fail,,
q002,Açık rıza nedir?,"Açık rıza, Kanun’un 3’üncü maddesi gereği belirli bir konuya ilişkin, bilgilendirilmeye dayanan ve özgür iradeyle açıklanan rızayı ifade etmektedir [rehber_ozel_nitelikli, 2.1].","Açık rıza: Belirli bir konuya ilişkin, bilgilendirilmeye dayanan ve özgür iradeyle açıklanan rızayı,",fail,,
q003,"Müşteri hakkında hangi verileri tuttuğumuzu sordu, kaç günde cevap vermemiz lazım?","Metinlerde ""müşteri"" ifadesine dair somut bir durum ayrıca düzenlenmemiştir; ilgili kişinin başvurularına ilişkin genel hüküm geçerlidir.

İlgili kişi, kendisiyle ilgili kişisel verilerin işlenip işlenmediğini öğrenme ve işlenmişse buna ilişkin bilgi talep etme hakkına sahiptir [kvkk_kanun_6698, Madde 11]. Veri sorumlusu, başvuruda yer alan bu talepleri talebin niteliğine göre en kısa sürede ve en geç otuz gün içinde sonuçlandırmak zorundadır [kvkk_kanun_6698, Madde 13].","Veri sorumlusu başvuruda yer alan talepleri, talebin niteliğine göre en kısa sürede ve en geç otuz gün içinde ücretsiz olarak sonuçlandırır.",pass,,
q004,"Sitemiz hacklendi, müşteri bilgileri sızdı. Kime haber vermemiz lazım?",Bu konuda verilen metinlerde bilgi yok.,"İşlenen kişisel verilerin kanuni olmayan yollarla başkaları tarafından elde edilmesi hâlinde, veri sorumlusu bu durumu en kısa sürede ilgilisine ve Kurula bildirir.",no_citation,wrong,bilgi yok; kanıt top-5'te yok (retrieval)
q005,Silinmesi gereken verileri en geç kaç ayda bir temizlemeliyiz?,Bu konuda verilen metinlerde bilgi yok.,"Periyodik imhanın gerçekleştirileceği zaman aralığı, veri sorumlusu tarafından kişisel veri saklama ve imha politikasında belirlenir. Bu süre her halde altı ayı geçemez.",no_citation,wrong,bilgi yok; kanıt top-5'te yok (retrieval)
q006,Kullanıcı sormasa da verileri ne için topladığımızı söylemek zorunda mıyız?,"Evet, zorundasınız. 

Kişisel verilerin elde edilmesi sırasında veri sorumlusu veya yetkilendirdiği kişi, kişisel verilerin hangi amaçla işleneceğini ilgili kişiye bildirmekle yükümlüdür [kvkk_kanun_6698, Madde 10]. Bu aydınlatma yükümlülüğünün yerine getirilmesi, ilgili kişinin talebine bağlı değildir [teblig_aydinlatma, Madde 5].","Aydınlatma yükümlülüğünün yerine getirilmesi, ilgili kişinin talebine bağlı değildir.",pass,,
q007,KVKK onayıyla 'metni okudum' kutusunu tek checkbox yapabilir miyim?,Bu konuda verilen metinlerde bilgi yok.,"Kişisel veri işleme faaliyetinin açık rıza şartına dayalı olarak gerçekleştirilmesi halinde, aydınlatma yükümlülüğü ve açık rızanın alınması işlemlerinin ayrı ayrı yerine getirilmesi gerekmektedir.",no_citation,wrong,bilgi yok; kanıt top-5'te yok (retrieval)
q008,Şifreleme key'ini .env'de tutmak sorun olur mu?,"Metinlerde şifreleme anahtarlarının doğrudan "".env"" dosyasında saklanması hususu ayrıca düzenlenmemiştir. 

Bununla birlikte ilgili genel hükümlere göre:
- Şifre anahtarının sadece yetkili kişilerin erişebileceği ortamda saklanması ve yetkisiz erişimin önlenmesi gerekmektedir [rehber_veri_guvenligi, 3.3].
- Asimetrik şifreleme yönteminin tercih edilmesi halinde anahtar yönetimi süreçlerine önem gösterilmelidir [rehber_veri_guvenligi, 3.3].
- Kriptografik anahtarların güvenli ve farklı ortamlarda tutulması gerekmektedir [rehber_ozel_nitelikli, 3.5].","Bu kapsamda şifre anahtarı, sadece yetkili kişilerin erişebileceği ortamda saklanmalı ve yetkisiz erişim önlenmelidir. / Kriptografik anahtarların güvenli ve farklı ortamlarda tutulması",pass,,
q009,Klavyede yazma ritmi hassas veri sayılır mı?,"Kişinin klavyeye basış biçimi, davranışsal nitelikli biyometrik veri olarak değerlendirilmektedir [rehber_ozel_nitelikli, 1.8]. Biyometrik veriler ise Kanun kapsamında özel nitelikli kişisel veriler arasında sayılmıştır [rehber_ozel_nitelikli, 1] [rehber_ozel_nitelikli, 1.8]. Bu doğrultuda klavyeye basış biçimi özel nitelikli kişisel veridir.","Kişinin parmak izi, retinası, avuç içi izi, yüzü, el şekli, irisi gibi biyometrik verileri fizyolojik nitelikli biyometrik verileri oluşturmakta iken; kişinin yürüyüş biçimi, klavyeye basış biçimi, araba sürüş biçimi gibi biyometrik verileri ise davranışsal nitelikli biyometrik verileri oluşturmaktadır.",pass,,
q010,"Müşteri verisini silmemi istedi ama kargo firmasıyla da paylaşmıştık. Ne kadar sürem var, onlardakiler ne olacak?","Metinlerde ""kargo firması"" somut olarak ayrıca düzenlenmemiştir; ancak kişisel verilerin aktarıldığı üçüncü kişilere yönelik genel hüküm bulunmaktadır.

* **Süre:** Kişisel verileri işleme şartlarının tamamı ortadan kalkmışsa veri sorumlusu talebi en geç otuz gün içinde sonuçlandırır ve ilgili kişiye bilgi verir [yonetmelik_silme_yok_etme_anonim, Madde 12]. Şartların tamamı ortadan kalkmamışsa da ret cevabı gerekçesi açıklanarak ilgili kişiye en geç otuz gün içinde yazılı olarak veya elektronik ortamda bildirilir [yonetmelik_silme_yok_etme_anonim, Madde 12].
* **Aktarılan taraftaki veriler:** Kişisel verileri işleme şartlarının tamamı ortadan kalkmış ve talebe konu veriler üçüncü kişilere aktarılmışsa, veri sorumlusu bu durumu üçüncü kişiye bildirir ve üçüncü kişi nezdinde Yönetmelik kapsamında gerekli işlemlerin yapılmasını temin eder [yonetmelik_silme_yok_etme_anonim, Madde 12].","Veri sorumlusu, ilgili kişinin talebini en geç otuz gün içinde sonuçlandırır ve ilgili kişiye bilgi verir. | Kişisel verileri işleme şartlarının tamamı ortadan kalkmış ve talebe konu olan kişisel veriler üçüncü kişilere aktarılmışsa veri sorumlusu bu durumu üçüncü kişiye bildirir;",pass,,
q011,verileri farklı bir ülkede saklamak,"Metinlerde kişisel verilerin farklı bir ülkede saklanması somut bir durum olarak ayrıca düzenlenmemiştir. Ancak verilerin yurt dışına aktarılmasına ilişkin şu genel hükümler yer almaktadır:

Kişisel veriler, 5 inci ve 6 ncı maddelerde belirtilen şartlardan birinin varlığı ve aktarımın yapılacağı ülke, ülke içerisindeki sektörler veya uluslararası kuruluşlar hakkında yeterlilik kararı bulunması halinde, veri sorumluları ve veri işleyenler tarafından yurt dışına aktarılabilir [kvkk_kanun_6698, Madde 9].

Yeterlilik kararının bulunmaması durumunda ise 5 inci ve 6 ncı maddelerde belirtilen şartlardan birinin varlığı, ilgili kişinin aktarımın yapılacağı ülkede de haklarını kullanma ve etkili kanun yollarına başvurma imkânının bulunması kaydıyla, mevzuatta sayılan uygun güvencelerden birinin taraflarca sağlanması halinde yurt dışına aktarılabilir [kvkk_kanun_6698, Madde 9].","Kişisel veriler, 5 inci ve 6 ncı maddelerde belirtilen şartlardan birinin varlığı ve aktarımın yapılacağı ülke, ülke içerisindeki sektörler veya uluslararası kuruluşlar hakkında yeterlilik kararı bulunması halinde, veri sorumluları ve veri işleyenler tarafından yurt dışına aktarılabilir.",pass,,
q012,Veri sızıntısı sonucu zararın karşılanması,"İlgili kişi, kişisel verilerin kanuna aykırı olarak işlenmesi sebebiyle zarara uğraması hâlinde zararın giderilmesini talep etme hakkına sahiptir [kvkk_kanun_6698, Madde 11]. 

Verilen metinlerde veri sızıntısı sonucu zararın karşılanmasına ilişkin somut bir durum ayrıca düzenlenmemiştir.","Kişisel verilerin kanuna aykırı olarak işlenmesi sebebiyle zarara uğraması hâlinde zararın giderilmesini talep etme,",pass,,
q013,yeni şirket veri toplamak için nereye başvurulur,"Kişisel verileri işleyen gerçek ve tüzel kişilerin, veri işlemeye başlamadan önce Veri Sorumluları Siciline kaydolmaları zorunludur [kvkk_kanun_6698, Madde 16]. Bu Sicil, Kurulun gözetiminde Başkanlık tarafından tutulur [kvkk_kanun_6698, Madde 16]. 

Bunun dışında, ""yeni şirket"" özelinde veya veri toplamak için izin almak üzere başvurulacak somut bir makama ilişkin metinlerde ayrıca bir düzenleme veya bilgi yer almamaktadır.","Kişisel verileri işleyen gerçek ve tüzel kişiler, veri işlemeye başlamadan önce Veri Sorumluları Siciline kaydolmak zorundadır.",pass,,
q014,yakın çevrenin bilgilerinin telefonda barındırılması,Bu konuda verilen metinlerde bilgi yok.,"Kişisel verilerin, üçüncü kişilere verilmemek ve veri güvenliğine ilişkin yükümlülüklere uyulmak kaydıyla gerçek kişiler tarafından tamamen kendisiyle veya aynı konutta yaşayan aile fertleriyle ilgili faaliyetler kapsamında işlenmesi.",no_citation,wrong,bilgi yok; kanıt top-5'te yok (retrieval)
q015,verileri nasıl yok ederim,"Kişisel verilerin yok edilmesi; kişisel verilerin hiç kimse tarafından hiçbir şekilde erişilemez, geri getirilemez ve tekrar kullanılamaz hale getirilmesi işlemidir [yonetmelik_silme_yok_etme_anonim, Madde 9].

Bu kapsamda:
- Veri sorumlusu, kişisel verilerin yok edilmesiyle ilgili gerekli her türlü teknik ve idari tedbirleri almakla yükümlüdür [yonetmelik_silme_yok_etme_anonim, Madde 9].
- Yok etme işleminde Kanunun 4 üncü maddesindeki genel ilkeler ile 12 nci maddesi kapsamında alınması gereken teknik ve idari tedbirlere, ilgili mevzuat hükümlerine, Kurul kararlarına ve kişisel veri saklama ve imha politikasına uygun hareket edilmesi zorunludur [yonetmelik_silme_yok_etme_anonim, Madde 7].
- Kurul aksine bir karar almadıkça, veri sorumlusu uygun yöntemi kendisi seçer (ilgili kişinin talebi halinde gerekçesini açıklayarak seçer) ve uyguladığı yöntemleri ilgili politika ve prosedürlerinde açıklamakla yükümlüdür [yonetmelik_silme_yok_etme_anonim, Madde 7].

Metinlerde verilerin yok edilmesinde kullanılacak somut araç ve teknik yöntemler ayrıca düzenlenmemiştir.","Kişisel verilerin yok edilmesi, kişisel verilerin hiç kimse tarafından hiçbir şekilde erişilemez, geri getirilemez ve tekrar kullanılamaz hale getirilmesi işlemidir. / Kişisel verilerin silinmesi, kişisel verilerin ilgili kullanıcılar için hiçbir şekilde erişilemez ve tekrar kullanılamaz hale getirilmesi işlemidir.",pass,,
q016,Silinen verilerin kaydı tutulmalı mı,"Evet, kişisel verilerin silinmesi, yok edilmesi ve anonim hale getirilmesiyle ilgili yapılan bütün işlemler kayıt altına alınır [yonetmelik_silme_yok_etme_anonim, Madde 7]. Bu kayıtların, diğer hukuki yükümlülükler hariç olmak üzere en az üç yıl süreyle saklanması zorunludur [yonetmelik_silme_yok_etme_anonim, Madde 7].","Kişisel verilerin silinmesi, yok edilmesi ve anonim hale getirilmesiyle ilgili yapılan bütün işlemler kayıt altına alınır ve söz konusu kayıtlar, diğer hukuki yükümlülükler hariç olmak üzere en az üç yıl süreyle saklanır.",pass,,
q017,Kullanıcıları bilgilendirdiğimizi kim kanıtlamalı,"Aydınlatma yükümlülüğünün yerine getirildiğinin ispatı veri sorumlusuna aittir [teblig_aydinlatma, Madde 5] [rehber_ozel_nitelikli, 3.3].",Aydınlatma yükümlülüğünün yerine getirildiğinin ispatı veri sorumlusuna aittir.,pass,,
q018,İnternet depolarında bilgi kaydederken nelere dikkat etmeliyim,"Verilen metinlerde doğrudan ""internet depoları"" ifadesi geçmemekle birlikte, kişisel verilerin bulutta depolanmasına ilişkin şu genel hükümler yer almaktadır:

* Bulut depolama hizmeti sağlayıcısı tarafından alınan güvenlik önlemlerinin yeterli ve uygun olup olmadığı veri sorumlusunca değerlendirilmelidir [rehber_veri_guvenligi, 3.4].
* Bulutta depolanan kişisel verilerin neler olduğunun detaylıca bilinmesi, yedeklenmesi, senkronizasyonun sağlanması ve gerekmesi halinde bu verilere uzaktan erişim için iki kademeli kimlik doğrulama kontrolünün uygulanması önerilmektedir [rehber_veri_guvenligi, 3.4].
* Söz konusu sistemlerde yer alan kişisel verilerin depolanması ve kullanımı sırasında kriptografik yöntemlerle şifrelenmesi, bulut ortamlarına şifrelenerek atılması ve mümkün olan yerlerde, özellikle hizmet alınan her bir bulut çözümü için ayrı ayrı şifreleme anahtarları kullanılması gerekmektedir [rehber_veri_guvenligi, 3.4].
* Bulut bilişim hizmet ilişkisi sona erdiğinde, kişisel verileri kullanılır hale getirmeye yarayabilecek şifreleme anahtarlarının tüm kopyalarının yok edilmesi gerekir [rehber_veri_guvenligi, 3.4].

Metinlerde bunun haricinde spesifik ""internet depoları"" başlığı altında ayrıca düzenlenmiş somut bir durum bulunmamaktadır.","Bu kapsamda, bulutta depolanan kişisel verilerin neler olduğunun detaylıca bilinmesi, yedeklenmesi, senkronizasyonun sağlanması ve bu kişisel verilere gerekmesi halinde uzaktan erişim için iki kademeli kimlik doğrulama kontrolünün uygulanması önerilmektedir.",pass,,
q019,Çalışanların yaptığı işlemleri belli bir yerde depolamalı mıyım?,"Verilen metinlerde çalışanların yaptığı işlemlerin belirli bir yerde depolanıp depolanmayacağına dair doğrudan ve genel bir düzenleme yer almamaktadır. 

Bununla birlikte, özel nitelikli kişisel verilerin işlendiği, muhafaza edildiği ve/veya erişildiği ortamların elektronik ortam olması halinde, veriler üzerinde gerçekleştirilen tüm hareketlerin işlem kayıtlarının güvenli olarak loglanması zorunlu önlemler arasında sayılmıştır [rehber_ozel_nitelikli, 3.5]. 

Bu kapsam dışındaki işlemlerin veya çalışan hareketlerinin depolanmasına ilişkin verilen metinlerde bilgi bulunmamaktadır.","Tüm kullanıcıların işlem hareketleri kaydının düzenli olarak tutulması (log kayıtları gibi),",fail,,
q020,Personel kartlarına fotoğraf eklemek hassas veri midir?,"Biyometrik fotoğraflar da dahil olmak üzere fotoğrafların işlenmesi doğrudan biyometrik veri (özel nitelikli kişisel veri) işlenmesi olarak nitelendirilemez [rehber_ozel_nitelikli, 1.8]. Bu veriler, yalnızca gerçek bir kişinin benzersiz bir şekilde tanımlanmasına veya doğrulanmasına izin veren belirli bir teknik yöntemle işlendiğinde biyometrik veri tanımı kapsamında kabul edilmektedir [rehber_ozel_nitelikli, 1.8].

Personel kartlarına fotoğraf eklenmesi somut durumu ise verilen metinlerde ayrıca düzenlenmemiştir.","Buna göre biyometrik fotoğraflar da dahil olmak üzere fotoğrafların işlenmesinin doğrudan biyometrik verinin işlenmesi olarak nitelendirilemeyeceği, yalnızca gerçek bir kişinin benzersiz bir şekilde tanımlanmasına veya doğrulanmasına izin veren belirli bir teknik yöntemle işlendiğinde bu verilerin biyometrik verilerin tanımı kapsamında kabul edileceği ifade edilmiştir.",pass,,
q021,Şirket başvuruya cevap vermezse veya beni tatmin etmezse hangi aralıkta şikayette bulunabilirim?,"Başvurunun reddedilmesi, verilen cevabın yetersiz bulunması veya süresinde başvuruya cevap verilmemesi hâllerinde; ilgili kişi, veri sorumlusunun cevabını öğrendiği tarihten itibaren otuz ve her hâlde başvuru tarihinden itibaren altmış gün içinde Kurula şikâyette bulunabilir [kvkk_kanun_6698, Madde 14].",veri sorumlusunun cevabını öğrendiği tarihten itibaren otuz ve her hâlde başvuru tarihinden itibaren altmış gün içinde Kurula şikâyette bulunabilir.,pass,,
q022,Veri güvenliği şartlarına uymazsam ceza var mı?,"Evet, Kanunun 12 nci maddesinde öngörülen veri güvenliğine ilişkin yükümlülükleri yerine getirmeyenler hakkında 15.000 Türk lirasından 1.000.000 Türk lirasına kadar idari para cezası verilir [kvkk_kanun_6698, Madde 18].","12 nci maddesinde öngörülen veri güvenliğine ilişkin yükümlülükleri yerine getirmeyenler hakkında 15.000 Türk lirasından 1.000.000 Türk lirasına kadar,",pass,,
q023,Sözleşme için aldığım veriyi işlemek için izin almalı mıyım?,"Bir sözleşmenin kurulması veya ifasıyla doğrudan doğruya ilgili olması kaydıyla, sözleşmenin taraflarına ait kişisel verilerin işlenmesinin gerekli olması hâlinde, ilgili kişinin açık rızası aranmaksızın kişisel verilerin işlenmesi mümkündür [kvkk_kanun_6698, Madde 5]. 

Bununla birlikte, kişisel verilerin hukuka ve dürüstlük kurallarına uygun olma, belirli, açık ve meşru amaçlar için işlenme ve işlendikleri amaçla bağlantılı, sınırlı ve ölçülü olma ilkelerine uygun işlenmesi zorunludur [kvkk_kanun_6698, Madde 4]. 

Soruda geçen somut durumun (işlenen verinin niteliği ve sözleşmenin kapsamı gibi) detayları verilen metinlerde ayrıca düzenlenmemiştir.","Bir sözleşmenin kurulması veya ifasıyla doğrudan doğruya ilgili olması kaydıyla, sözleşmenin taraflarına ait kişisel verilerin işlenmesinin gerekli olması.",pass,,
q024,İş yerinden ayrıldıktan sonra şirketteki verileri kendim paylaşabilir miyim?,Bu konuda verilen metinlerde bilgi yok.,öğrendikleri kişisel verileri bu Kanun hükümlerine aykırı olarak başkasına açıklayamaz ve işleme amacı dışında kullanamazlar. Bu yükümlülük görevden ayrılmalarından sonra da devam eder.,no_citation,wrong,bilgi yok; kanıt top-5'te yok (retrieval)
q025,"Verileri anonimleştirme, gizleme ne demek?","Kişisel verilerin anonim hale getirilmesi; kişisel verilerin başka verilerle eşleştirilse dahi hiçbir surette kimliği belirli veya belirlenebilir bir gerçek kişiyle ilişkilendirilemeyecek hale getirilmesidir [yonetmelik_silme_yok_etme_anonim, Madde 10]. 

Bunun sağlanması için kişisel verilerin; veri sorumlusu, alıcı veya alıcı grupları tarafından geri döndürme ve verilerin başka verilerle eşleştirilmesi gibi kayıt ortamı ve ilgili faaliyet alanı açısından uygun tekniklerin kullanılması yoluyla dahi kimliği belirli veya belirlenebilir bir gerçek kişiyle ilişkilendirilemez hale getirilmesi gerekir [yonetmelik_silme_yok_etme_anonim, Madde 10].

""Gizleme"" kavramı hakkında ise verilen metinlerde bilgi bulunmamaktadır.","Kişisel verilerin anonim hale getirilmesi, kişisel verilerin başka verilerle eşleştirilse dahi hiçbir surette kimliği belirli veya belirlenebilir bir gerçek kişiyle ilişkilendirilemeyecek hale getirilmesidir.",pass,,
q026,Biri şirketten ayrılırsa bilgileri ile ne yapılmalı?,"Metinlerde bir kişinin şirketten ayrılması durumu ayrıca düzenlenmemiştir. 

Bununla birlikte genel hüküm uyarınca, Kanun’un 5’inci ve 6’ncı maddelerinde yer alan kişisel verilerin işlenme şartlarının tamamının ortadan kalkması halinde, kişisel verilerin veri sorumlusu tarafından resen veya ilgili kişinin talebi üzerine silinmesi, yok edilmesi veya anonim hâle getirilmesi gerekir [yonetmelik_silme_yok_etme_anonim, Madde 7]. 

Bu işlemlerde Kanun’un 4’üncü maddesindeki genel ilkeler ile 12’nci maddesi kapsamında alınması gereken teknik ve idari tedbirlere, ilgili mevzuat hükümlerine, Kurul kararlarına ve kişisel veri saklama ve imha politikasına uygun hareket edilmesi zorunludur [yonetmelik_silme_yok_etme_anonim, Madde 7].",veri sorumlusuyla ilişikleri kesilen çalışanlar için zaman kaybetmeksizin hesabın silinmesi ya da girişlerin kapatılması,fail,,
q027,Veri yedeklerine kimler ulaşabilir?,"Yedeklenen kişisel verilere sadece sistem yöneticisi erişebilir [rehber_veri_guvenligi, 3.6].","yedeklenen kişisel veriler sadece sistem yöneticisi tarafından erişilebilir olmalı, veri seti yedekleri mutlaka ağ dışında tutulmalıdır.",pass,,
q028,Bulut üyeliği bittiğinde şifreleme anahtarları ne yapılmalı?,"Bulut bilişim hizmet ilişkisi sona erdiğinde; kişisel verileri kullanılır hale getirmeye yarayabilecek şifreleme anahtarlarının tüm kopyalarının yok edilmesi gerekir [rehber_veri_guvenligi, 3.4].",Bulut bilişim hizmet ilişkisi sona erdiğinde; kişisel verileri kullanılır hale getirmeye yarayabilecek şifreleme anahtarlarının tüm kopyalarının da yok edilmesi gerekir.,pass,,
q029,Veriyi kullanıcıya onaylattığımdan farklı bir şekilde kullanırsam yeniden izin almalı mıyım?,Bu konuda verilen metinlerde bilgi yok.,"Kişisel veri işleme amacı değiştiğinde, veri işleme faaliyetinden önce bu amaç için aydınlatma yükümlülüğü ayrıca yerine getirilmelidir.",no_citation,wrong,bilgi yok; kanıt top-5'te yok (retrieval)
q030,Verileri farklı firmaya devrettiğimde bütün güvenlik onlara ait değil mi?,"Hayır, verilen metinlere göre bütün güvenlik diğer firmaya ait değildir:

* Veri sorumlusu yerleşkesi dışında yer alan ve veri sorumlusuna ait kişisel veri içeren kâğıt ortamları, elektronik ortam ve cihazlar için de aynı seviyedeki güvenlik önlemlerinin alınması gerekmektedir [rehber_veri_guvenligi, 3.3].
* Veri işleyenin veri güvenliğini sağlama yükümlülüğü bulunmakla birlikte; veri sorumlusu, kişisel veri içeren sistem üzerinde gerekli denetimleri yapar veya yaptırır, denetim sonucunda ortaya çıkan raporları ve hizmet sağlayıcıyı yerinde inceleyebilir [rehber_veri_guvenligi, 2.5].
* Bir veri ihlali meydana geldiğinde, ihlali Kişisel Verileri Koruma Kurulu’na ve ilgili kişiye bildirme yükümlülüğü veri sorumlusuna aittir; veri işleyen ise durumu derhal veri sorumlusuna bildirmekle yükümlüdür [rehber_veri_guvenligi, 2.5].","Veri sorumlusu, kişisel verilerin kendi adına başka bir gerçek veya tüzel kişi tarafından işlenmesi hâlinde, birinci fıkrada belirtilen tedbirlerin alınması hususunda bu kişilerle birlikte müştereken sorumludur. | veri işleyenin bu durumu derhal veri sorumlusuna bildirmekle yükümlü olduğunun öngörülmesi",fail,,
q031,İleride lazım olur diye ihtiyacımızdan fazla veri toplayabilir miyiz?,"Verilen metinlere göre, kişisel verilerin “işlendikleri amaçla bağlantılı, sınırlı ve ölçülü olma” ilkesi uyarınca amaca ulaşmak için gerekli olanın ötesine geçmemesi ve amaca hizmet edecek veriler haricinde veri işlenmemesi gerekmektedir [rehber_ozel_nitelikli, 2]. Ayrıca verilerin mevzuatta öngörülen veya işlendikleri amaç için gerekli olan süre kadar muhafaza edilmesi ve veri sorumlularınca işleme amaçları bakımından bu verilere hâlâ ihtiyaç olup olmadığının değerlendirilmesi gerekmektedir [rehber_veri_guvenligi, 2.4]. 

Metinlerde ""ileride lazım olur düşüncesiyle ihtiyaçtan fazla veri toplanması"" senaryosu ayrıca düzenlenmemiştir.","İşlendikleri amaçla bağlantılı, sınırlı ve ölçülü olma.",fail,,
q032,Birinin hasta olma ihtimali varsa bu bir sağlık verisi midir?,"Evet. Kanun’un uygulanması anlamında sağlık verisi, yalnızca kişinin sağlıklı olma halini tespit eden ya da bu hale işaret eden verileri değil, aynı zamanda kişinin hasta olma ihtimaline işaret eden ya da hasta olma durumunu tespit eden verileri de bünyesinde barındırmaktadır [rehber_ozel_nitelikli, 1.6].",aynı zamanda kişinin hasta olma ihtimaline işaret eden ya da hasta olma durumunu tespit eden verileri de bünyesinde barındırdığını,pass,,
q033,Özel verilere hangi örnekler verilebilir?,"Verilen metinlerde özel nitelikli kişisel veriler kapsamında açıkça adı geçen türler ve örnekler şunlardır:

* **Genetik veriler:** Gerçek kişiden alınan biyolojik örneğin analizinden kaynaklanan (kromozomal, DNA veya RNA analizleri gibi) kalıtsal ya da sonradan kazanılmış genetik özelliklere ilişkin veriler ile numunenin çeşitli işlemlere tabi tutulması sonucu tespit edilen bilgiler [rehber_ozel_nitelikli, 1.9].
* **Sağlık verileri:** Örneğin işçiye ait sağlık verileri veya engelliliğe ilişkin sağlık raporlarında yer alan veriler [rehber_ozel_nitelikli, 2.5].
* **Cinsel hayata ilişkin veriler** [rehber_ozel_nitelikli, 2].

Özel nitelikli kişisel verilerin tüm türlerine veya diğer örneklerine ilişkin verilen metinlerde daha fazla bilgi bulunmamaktadır.","Kişilerin ırkı, etnik kökeni, siyasi düşüncesi, felsefi inancı, dini, mezhebi veya diğer inançları, kılık ve kıyafeti, dernek, vakıf ya da sendika üyeliği, sağlığı, cinsel hayatı, ceza mahkûmiyeti ve güvenlik tedbirleriyle ilgili verileri ile biyometrik ve genetik verileri",fail,,
q034,Teşhis ve tedavi amacıyla veriler işlenebilir mi?,"Evet, sır saklama yükümlülüğü altında bulunan kişiler veya yetkili kurum ve kuruluşlarca tıbbi teşhis, tedavi ve bakım hizmetlerinin yürütülmesi amacıyla gerekli olması durumunda bu veriler işlenebilir [kvkk_kanun_6698, Madde 6], [rehber_ozel_nitelikli, 2.6]. 

Ayrıca ilgili kişinin açık rızasının bulunması hâlinde de bu verilerin işlenmesi mümkündür [kvkk_kanun_6698, Madde 6]. Özel nitelikli kişisel verilerin işlenmesinde Kurul tarafından belirlenen yeterli önlemlerin alınması şarttır [kvkk_kanun_6698, Madde 6].","kamu sağlığının korunması, koruyucu hekimlik, tıbbi teşhis, tedavi ve bakım hizmetlerinin yürütülmesi ile sağlık hizmetlerinin planlanması, yönetimi ve finansmanı amacıyla gerekli olması",pass,,
q035,Verinin neden toplandığını belirtmeli miyim?,"Evet, aydınlatma yükümlülüğü kapsamında kişisel verilerin elde edilmesi sırasında veri sorumluları veya yetkilendirdiği kişilerce yapılacak bilgilendirmenin asgari olarak kişisel verilerin hangi amaçla işleneceğini ve kişisel veri toplamanın hukuki sebebini içermesi gerekmektedir [teblig_aydinlatma, Madde 4]. 

Ayrıca bu kapsamda açıklanacak kişisel veri işleme amacının belirli, açık ve meşru olması; bilgilendirme yapılırken genel nitelikte ve muğlak ifadelere yer verilmemesi gerekmektedir [teblig_aydinlatma, Madde 5].","Kişisel veri toplamanın yöntemi ve hukuki sebebi, / Kişisel verilerin hangi amaçla işleneceği,",pass,,
q036,Otomatik sistem aleyhime bir karar verirse iptal ettirebilir miyim?,"İlgili kişi, işlenen verilerin münhasıran otomatik sistemler vasıtasıyla analiz edilmesi suretiyle kendisi aleyhine bir sonucun ortaya çıkmasına veri sorumlusuna başvurarak itiraz etme hakkına sahiptir [kvkk_kanun_6698, Madde 11]. 

Kararın doğrudan iptal ettirilmesine ilişkin olarak metinlerde ayrıca bir bilgi veya düzenleme yer almamaktadır.","İşlenen verilerin münhasıran otomatik sistemler vasıtasıyla analiz edilmesi suretiyle kişinin kendisi aleyhine bir sonucun ortaya çıkmasına itiraz etme,",pass,,
q037,"Bir bilgimi yanlış kaydetmişler, ne yapabilirim?","Veri sorumlusuna başvurarak kişisel verilerinizin eksik veya yanlış işlenmiş olması hâlinde bunların düzeltilmesini isteyebilirsiniz [kvkk_kanun_6698, Madde 11]. 

Ayrıca bu kapsamda yapılan düzeltme işlemlerinin, kişisel verilerinizin aktarıldığı üçüncü kişilere bildirilmesini talep edebilirsiniz [kvkk_kanun_6698, Madde 11].

Veri sorumlusuna yapılan başvurunun reddedilmesi, verilen cevabın yetersiz bulunması veya süresinde cevap verilmemesi hâllerinde; veri sorumlusunun cevabını öğrendiğiniz tarihten itibaren otuz ve her hâlde başvuru tarihinden itibaren altmış gün içinde Kurula şikâyette bulunabilirsiniz [kvkk_kanun_6698, Madde 14]. Bu başvuru yolu tüketilmeden Kurula şikâyet yoluna başvurulamaz [kvkk_kanun_6698, Madde 14].","Kişisel verilerin eksik veya yanlış işlenmiş olması hâlinde bunların düzeltilmesini isteme,",pass,,
q038,Başvururken herhangi bir ücret ödeyecek miyim?,"Veri sorumlusu başvuruda yer alan talepleri kural olarak ücretsiz olarak sonuçlandırır [kvkk_kanun_6698, Madde 13]. Ancak işlemin ayrıca bir maliyeti gerektirmesi hâlinde, Kurulca belirlenen tarifedeki ücret alınabilir [kvkk_kanun_6698, Madde 13]. 

Başvurunun veri sorumlusunun hatasından kaynaklanması hâlinde alınan ücret ilgiliye iade edilir [kvkk_kanun_6698, Madde 13].","Ancak, işlemin ayrıca bir maliyeti gerektirmesi hâlinde, Kurulca belirlenen tarifedeki ücret alınabilir.",pass,,
q039,Başvuruyu telefonla yapsam geçerli olur mu?,"İlgili kişi, Kanunun uygulanmasıyla ilgili taleplerini yazılı olarak veya Kurulun belirleyeceği diğer yöntemlerle veri sorumlusuna iletir [kvkk_kanun_6698, Madde 13]. 

Verilen metinlerde başvurunun telefonla yapılması durumu ayrıca düzenlenmemiştir.","İlgili kişi, bu Kanunun uygulanmasıyla ilgili taleplerini yazılı olarak veya Kurulun belirleyeceği diğer yöntemlerle veri sorumlusuna iletir.",pass,,
q040,Anonim verilerle araştırma yapsam ceza yer miyim?,"Kişisel verilerin resmi istatistik ile anonim hâle getirilmek suretiyle araştırma, planlama ve istatistik gibi amaçlarla işlenmesi hâlinde 6698 sayılı Kanun hükümleri uygulanmaz [kvkk_kanun_6698, Madde 28]. 

Verilen metinlerde anonim verilerle araştırma yapılması durumunda ceza uygulanıp uygulanmayacağına dair bu istisna hükmü dışında somut bir düzenleme yer almamaktadır.","Kişisel verilerin resmi istatistik ile anonim hâle getirilmek suretiyle araştırma, planlama ve istatistik gibi amaçlarla işlenmesi.",pass,,
q041,"Küçük bir şirketiz, saklama politikamız yok. Silinmesi gereken veriyi ne zamana kadar silmeliyiz?","Metinlerde küçük şirketler için özel bir düzenleme yer almamaktadır. 

Ancak kişisel veri saklama ve imha politikası hazırlama yükümlülüğü bulunmayan veri sorumluları için geçerli genel hükme göre; kişisel verileri silme, yok etme veya anonim hale getirme yükümlülüğünün ortaya çıktığı tarihi takip eden üç ay içinde kişisel verilerin silinmesi, yok edilmesi veya anonim hale getirilmesi gerekir [yonetmelik_silme_yok_etme_anonim, Madde 11]. 

Kurul, telafisi güç veya imkansız zararların doğması ve açıkça hukuka aykırılık olması halinde bu süreyi kısaltabilir [yonetmelik_silme_yok_etme_anonim, Madde 11].","kişisel verileri silme, yok etme veya anonim hale getirme yükümlülüğünün ortaya çıktığı tarihi takip eden üç ay içinde",pass,,
q042,Kullanıcıya genel bilgiler versem yeterli mi?,"Aydınlatma yükümlülüğü yerine getirilirken genel nitelikte ve muğlak ifadelere yer verilmemelidir [teblig_aydinlatma, Madde 5]. 

Ayrıca şu usul ve esaslara uyulması gerekmektedir:
* Açıklanacak kişisel veri işleme amacının belirli, açık ve meşru olması, gündeme gelmesi muhtemel başka amaçlar için kişisel verilerin işlenebileceği kanaatini uyandıran ifadelerin kullanılmaması gerekir [teblig_aydinlatma, Madde 5].
* İlgili kişiye yapılacak bildirimin anlaşılır, açık ve sade bir dil kullanılarak gerçekleştirilmesi gerekmektedir [teblig_aydinlatma, Madde 5].
* Aydınlatma yükümlülüğü yerine getirilirken eksik, ilgili kişileri yanıltıcı ve yanlış bilgilere yer verilmemelidir [teblig_aydinlatma, Madde 5].","Aydınlatma yükümlülüğü yerine getirilirken, genel nitelikte ve muğlak ifadelere yer verilmemelidir.",pass,,
q043,Aydınlatma metnini hukuki terimlerle dolu yazsam olur mu?,"Metinlerde aydınlatma metninin hukuki terimlerle yazılması hususu ayrıca düzenlenmemiştir. 

Bununla birlikte genel kural olarak, aydınlatma yükümlülüğü kapsamında ilgili kişiye yapılacak bildirimin anlaşılır, açık ve sade bir dil kullanılarak gerçekleştirilmesi gerekmektedir [teblig_aydinlatma, Madde 5]. Ayrıca aydınlatma yükümlülüğü yerine getirilirken genel nitelikte ve muğlak ifadelere yer verilmemelidir [teblig_aydinlatma, Madde 5].","Aydınlatma yükümlülüğü kapsamında ilgili kişiye yapılacak bildirimin anlaşılır, açık ve sade bir dil kullanılarak gerçekleştirilmesi gerekmektedir.",pass,,
q044,Verileri yöneten kişiye tüm yetkileri versem olur mu?,"Metinlerde verileri yöneten kişiye tüm yetkilerin verilmesi yönündeki somut senaryo ayrıca düzenlenmemiştir. 

Bununla birlikte ilgili genel hükme göre, özel nitelikli kişisel verilerin işlenmesi süreçlerinde yer alan çalışanlara yönelik olarak, verilere erişim yetkisine sahip kullanıcıların yetki kapsamlarının ve sürelerinin net olarak tanımlanması ve periyodik olarak yetki kontrollerinin gerçekleştirilmesi gerekmektedir [rehber_ozel_nitelikli, 3.5].",yapmakta oldukları iş ve görevler ile yetki ve sorumlulukları için gerekli olduğu ölçüde erişim yetkisi tanınmalı,fail,,
q045,Veri güvenliği için antivirüs yeterli mi?,"Tek bir siber güvenlik ürünü kullanımı ile tam güvenliğin sağlanabileceği görüşü her zaman doğru değildir [rehber_veri_guvenligi, 3.1]. 

Kötü amaçlı yazılımlardan korunmak için bilgi sistem ağını düzenli olarak tarayan ve tehlikeleri tespit eden antivirüs, antispam gibi ürünlerin kullanılması gerekmekle birlikte; bu ürünlerin sadece kurulumu yeterli olmayıp güncel tutulması ve gereken dosyaların düzenli olarak tarandığından emin olunması gerekmektedir [rehber_veri_guvenligi, 3.1]. Ayrıca tavsiye edilen yaklaşım, birçok prensip dahilinde tamamlayıcı niteliğe sahip ve düzenli olarak kontrol edilen birtakım tedbirlerin (güvenlik duvarı, ağ geçidi, yama yönetimi, erişim sınırlandırmaları vb.) birlikte uygulanmasıdır [rehber_veri_guvenligi, 3.1].",Ancak bu ürünlerin sadece kurulumu yeterli olmayıp güncel tutularak gereken dosyaların düzenli olarak tarandığından emin olunmalıdır.,pass,,
q046,İnternetten gelebilecek saldırılara karşı nasıl bir güvenlik kurabilirim?,"İnternet üzerinden gelebilecek saldırılara ve izinsiz erişim tehditlerine karşı metinlerde belirtilen tedbirler şunlardır:

* Kişisel veri içeren bilgi teknoloji sistemlerinin internet üzerinden gelen tehditlere karşı korunmasında güvenlik duvarı ve ağ geçidi öncelikli tedbirler olup ilk savunma hattını oluşturur [rehber_veri_guvenligi, 3.1]. 
* İyi yapılandırılmış bir güvenlik duvarı, kullanılmakta olan ağa derinlemesine nüfuz etmeden önce gerçekleşen ihlalleri durdurabilir [rehber_veri_guvenligi, 3.1]. 
* İnternet ağ geçidi, çalışanların kişisel veri güvenliği bakımından tehdit teşkil eden sitelere veya online servislere erişimini önleyebilir [rehber_veri_guvenligi, 3.1].
* Potansiyel güvenlik açıklarını azaltmak amacıyla kullanılmayan yazılım ve servislerin güncel tutulması yerine silinmesi öncelikle tercih edilmelidir [rehber_veri_guvenligi, 3.1].
* Bilgi sistem ağını düzenli olarak tarayan ve tehlikeleri tespit eden antivirüs ve antispam gibi ürünler kullanılmalı, güncel tutulmalı ve düzenli tarama yapılmalıdır [rehber_veri_guvenligi, 3.1].
* Farklı internet siteleri veya mobil uygulama kanallarından kişisel veri temin edilecekse bağlantılar SSL ya da daha güvenli bir yol ile gerçekleştirilmelidir [rehber_veri_guvenligi, 3.1].
* Güçlü şifre ve parola kombinasyonları tercih edilmeli; kaba kuvvet algoritması (BFA) gibi saldırılardan korunmak için şifre deneme sayısı sınırlandırılmalı, parolalar düzenli değiştirilmeli, yönetici yetkileri sadece ihtiyaç halinde açılmalı ve ilişiği kesilenlerin hesapları zaman kaybetmeksizin silinmeli veya kapatılmalıdır [rehber_veri_guvenligi, 3.1].
* Tek bir siber güvenlik ürünü yerine, birçok prensip dahilinde tamamlayıcı niteliğe sahip ve düzenli olarak kontrol edilen tedbirlerin uygulanması tavsiye edilmektedir [rehber_veri_guvenligi, 3.1].","Kişisel veri içeren bilgi teknoloji sistemlerinin internet üzerinden gelen izinsiz erişim tehditlerine karşı korunmasında alınabilecek öncelikli tedbirler, güvenlik duvarı ve ağ geçididir.",pass,,
q047,Veriler hakkında çalışanlara ne öğretilmeli?,"Verilen metinlere göre çalışanlara şu konularda eğitim ve bilgilendirme sağlanmalıdır:

* Kişisel verilerin hukuka aykırı olarak açıklanmaması ve paylaşılmaması [rehber_veri_guvenligi, 2.2],
* Siber güvenliğe ve kişisel veri güvenliğini zedeleyecek saldırılara ilişkin ilk müdahalenin yapılması [rehber_veri_guvenligi, 2.2],
* Görev tanımlarında belirlenen kişisel veri güvenliğine ilişkin rol ve sorumluluklar [rehber_veri_guvenligi, 2.2],
* Politika ve prosedürlerde önemli değişiklikler meydana gelmesi durumunda bu değişiklikler ile kişisel veri güvenliğine ilişkin tehditler [rehber_veri_guvenligi, 2.2],
* Özel nitelikli kişisel verilerin işlenmesi süreçlerinde yer alan çalışanlar için Kanun ve buna bağlı yönetmelikler ile özel nitelikli kişisel veri güvenliği konuları [rehber_ozel_nitelikli, 3.5].","çalışanların, kişisel verilerin hukuka aykırı olarak açıklanmaması ve paylaşılmaması gibi konular hakkında eğitim almaları",pass,,
q048,Basılı belgeleri ve harici diskleri nasıl saklamalıyım?,"Metinlerde doğrudan ""harici disk"" ifadesi ayrıca düzenlenmemiş olmakla birlikte, yedekleme cihazları, CD, DVD ve USB gibi veri içeren cihazlar ile kâğıt ortamındaki evrakları kapsayan şu genel önlemler yer almaktadır:

* **Basılı belgeler (kâğıt ortamındaki evraklar):** Kilitli bir şekilde ve sadece yetkili kişilerin erişebileceği ortamlarda saklanmalı, yetkisiz erişim önlenmelidir [rehber_veri_guvenligi, 3.3]. Ayrıca bu evrakların ek güvenlik önlemlerinin olduğu başka bir odaya alınması, kullanılmadığı zaman kilit altında tutulması ve giriş çıkış kayıtlarının tutulması gibi fiziksel güvenliği artırıcı önlemler alınmalıdır [rehber_veri_guvenligi, 3.3].
* **Veri içeren cihazlar (yedekleme cihazları vb.):** Ek güvenlik önlemlerinin olduğu başka bir odaya alınmalı, kullanılmadığı zaman kilit altında tutulmalı ve giriş çıkış kayıtları tutulmalıdır [rehber_veri_guvenligi, 3.3]. Cihazların kaybolması veya çalınması gibi durumlara karşı erişim kontrol yetkilendirmesi ve/veya şifreleme yöntemleri kullanılmalı, şifre anahtarı ise sadece yetkili kişilerin erişebileceği ortamda saklanmalıdır [rehber_veri_guvenligi, 3.3].","kağıt ortamındaki evraklar, sunucular, yedekleme cihazları, CD, DVD ve USB gibi cihazların ek güvenlik önlemlerinin olduğu başka bir odaya alınması, kullanılmadığı zaman kilit altında tutulması",pass,,
q049,Hassas veriyle çalışanlar nelere dikkat etmeli?,"Özel nitelikli kişisel verileri işleyen veri sorumluları ve veri işleyenlerin, Kurulun 31.01.2018 tarihli ve 2018/10 sayılı Kararında yer alan hususlara dikkat etmesi zorunludur [rehber_ozel_nitelikli, 3.5]. 

Bu çerçevede, özel nitelikli kişisel verilerin işlenmesi süreçlerinde yer alan çalışanlara yönelik şu tedbirlere dikkat edilmelidir:

* Kanun ve buna bağlı yönetmelikler ile özel nitelikli kişisel veri güvenliği konularında çalışanlara düzenli olarak eğitimler verilmesi [rehber_ozel_nitelikli, 3.5],
* Çalışanlarla gizlilik sözleşmelerinin yapılması [rehber_ozel_nitelikli, 3.5],
* Verilere erişim yetkisine sahip kullanıcıların yetki kapsamlarının ve sürelerinin net olarak tanımlanması [rehber_ozel_nitelikli, 3.5],
* Yetki kontrollerinin periyodik olarak gerçekleştirilmesi [rehber_ozel_nitelikli, 3.5],
* Görev değişikliği olan ya da işten ayrılan çalışanların bu alandaki yetkilerinin derhal kaldırılması ve veri sorumlusu tarafından kendilerine tahsis edilen envanterin iade alınması [rehber_ozel_nitelikli, 3.5].",Kanun ve buna bağlı yönetmelikler ile özel nitelikli kişisel veri güvenliği konularında düzenli olarak eğitimler verilmesi | Gizlilik sözleşmelerinin yapılması,pass,,
q050,Servis şoförlerimizden sabıka kaydı ve sağlık raporu isteyebilir miyiz?,"Verilen metinlerde servis şoförlerinden sabıka kaydı veya sağlık raporu istenmesi somut durumu ayrıca düzenlenmemiştir. 

Metinlerde yer alan genel hüküm ve açıklamalar şunlardır:
* Sağlık verileri ile ceza mahkûmiyeti ve güvenlik tedbirleriyle ilgili veriler özel nitelikli kişisel veri kapsamındadır [rehber_ozel_nitelikli, başlık öncesi].
* Özel nitelikli kişisel verilerin işlenmesinde Kanun’un 6’ncı maddesinde yer alan işleme şartlarına riayet edilmesi gerekmektedir [rehber_ozel_nitelikli, 1.6]. 
* Kanun’un ilk halinde sağlık verilerinin açık rıza veya sır saklama yükümlülüğü altındaki kişiler/yetkili kurumlarca belirli amaçlarla; sağlık dışındaki özel nitelikli kişisel verilerin ise açık rıza ya da kanunlarda öngörülmesi halinde işlenebileceği düzenlenmiş, daha sonra 7499 sayılı Kanun ile anılan maddede değişiklik yapılmıştır [rehber_ozel_nitelikli, başlık öncesi].
* Bir hakkın tesisi, kullanılması veya korunması amacıyla özel nitelikli kişisel verilerin işlenmesinin zorunlu olduğu hallerde veri işleme faaliyeti gerçekleştirilebilir [rehber_ozel_nitelikli, 2.5].
* Sağlık verilerinin kamu sağlığının korunması, koruyucu hekimlik, tıbbî teşhis, tedavi ve bakım hizmetlerinin yürütülmesi, sağlık hizmetleri ile finansmanının planlanması ve yönetimi amacıyla işlenebilmesi için bu işlemin sır saklama yükümlülüğü altında bulunan kişiler veya yetkili kurum ve kuruluşlarca gerçekleştirilmesi gerekmektedir [rehber_ozel_nitelikli, 2.6].",Dolayısıyla Yönetmelik kapsamındaki araçları kullanacak şoförlerin ceza mahkumiyeti ve sağlık verilerinin işlenmesi bu bent kapsamında değerlendirilebilecektir.,fail,,
