set,n,system,R@1,R@3,R@5,R@10,R@30 (ceiling)
dev,30,orig,0.33,0.5,0.57,0.65,0.82
dev,30,orig+mmarco,0.37,0.53,0.63,0.67,0.82
dev,30,orig+bge,0.43,0.58,0.75,0.78,0.82
dev,30,fuse,0.45,0.65,0.65,0.75,0.93
dev,30,fuse+mmarco,0.43,0.57,0.7,0.73,0.93
dev,30,fuse+bge,0.47,0.65,0.73,0.87,0.93
test,20,orig,0.45,0.65,0.75,0.85,0.95
test,20,orig+mmarco,0.5,0.75,0.8,0.85,0.95
test,20,orig+bge,0.6,0.85,0.9,0.9,0.95
test,20,fuse,0.5,0.7,0.8,0.9,1.0
test,20,fuse+mmarco,0.45,0.8,0.85,0.85,1.0
test,20,fuse+bge,0.6,0.85,0.9,0.9,1.0
all,50,orig,0.38,0.56,0.64,0.73,0.87
all,50,orig+mmarco,0.42,0.62,0.7,0.74,0.87
all,50,orig+bge,0.5,0.69,0.81,0.83,0.87
all,50,fuse,0.47,0.67,0.71,0.81,0.96
all,50,fuse+mmarco,0.44,0.66,0.76,0.78,0.96
all,50,fuse+bge,0.52,0.73,0.8,0.88,0.96
