id,http_ms,rewrite_ms,retrieval_ms,rerank_ms,generation_ms,total_ms,input_tokens,output_tokens,cost_usd
q001,17884,9493,68,774,7546,17882,2933,1495,0.0078060000000000004
q002,12395,8946,66,639,2741,12393,2808,940,0.005631
q003,22939,8135,79,681,14041,22936,2836,1393,0.00735075
q004,22310,9952,87,670,11597,22306,2800,2184,0.01029
q005,22983,10028,70,694,12190,22982,2928,2186,0.0103935
q006,14823,8074,71,686,5991,14822,3040,1338,0.0072975
q007,36115,9265,69,679,26102,36114,2799,3760,0.01619925
q008,15680,9703,84,666,5222,15676,2862,1011,0.00593775
q009,14429,8638,80,662,5043,14424,3035,1004,0.00604125
q010,20597,10959,83,713,8840,20595,2940,2111,0.01012125
