level,stemmer,R@1,R@3,R@5,R@10,R@30
bm25,bm25-none,0.18,0.26,0.3,0.42,0.64
bm25,bm25-p5,0.28,0.46,0.48,0.6,0.81
bm25,bm25-snow,0.3,0.42,0.52,0.6,0.77
bm25,bm25-zeyrek,0.28,0.44,0.52,0.62,0.75
hyb,bm25-none,0.18,0.36,0.48,0.63,0.9
hyb,bm25-p5,0.38,0.56,0.64,0.73,0.87
hyb,bm25-snow,0.36,0.56,0.65,0.71,0.87
hyb,bm25-zeyrek,0.4,0.6,0.66,0.73,0.87
pipe,bm25-none,0.54,0.72,0.82,0.88,0.94
pipe,bm25-p5,0.52,0.73,0.8,0.88,0.96
pipe,bm25-snow,0.52,0.72,0.86,0.9,0.96
pipe,bm25-zeyrek,0.54,0.73,0.84,0.88,0.94
