model,size,overlap,R@1,R@3,R@5,R@10
e5,64,0,0.3,0.3,0.32,0.45
tr,64,0,0.1,0.2,0.33,0.43
e5,64,32,0.27,0.37,0.4,0.43
tr,64,32,0.13,0.17,0.27,0.53
e5,128,32,0.27,0.43,0.47,0.58
tr,128,32,0.2,0.4,0.5,0.57
e5,192,48,0.22,0.48,0.52,0.72
tr,192,48,0.17,0.43,0.53,0.65
bm25-none,64,0,0.07,0.13,0.17,0.2
bm25-prefix5,64,0,0.27,0.3,0.33,0.37
bm25-none,64,32,0.07,0.1,0.13,0.17
bm25-prefix5,64,32,0.2,0.3,0.3,0.37
bm25-none,128,32,0.07,0.13,0.17,0.2
bm25-prefix5,128,32,0.13,0.3,0.3,0.5
bm25-none,192,48,0.07,0.13,0.17,0.3
bm25-prefix5,192,48,0.17,0.4,0.4,0.5
hyb-e5+bm25,64,0,0.3,0.37,0.4,0.4
hyb-tr+bm25,64,0,0.17,0.27,0.3,0.4
hyb-e5+tr+bm25,64,0,0.2,0.3,0.33,0.4
hyb-e5+bm25,64,32,0.2,0.37,0.43,0.43
hyb-tr+bm25,64,32,0.17,0.27,0.4,0.43
hyb-e5+tr+bm25,64,32,0.2,0.33,0.4,0.47
hyb-e5+bm25,128,32,0.27,0.43,0.43,0.47
hyb-tr+bm25,128,32,0.17,0.37,0.43,0.6
hyb-e5+tr+bm25,128,32,0.27,0.4,0.47,0.57
hyb-e5+bm25,192,48,0.33,0.5,0.57,0.65
hyb-tr+bm25,192,48,0.3,0.47,0.57,0.67
hyb-e5+tr+bm25,192,48,0.33,0.57,0.62,0.72
